{"parameter": [[0.3514352730369929, 0.8639715887522085, 0.034499842802037696, 0.7038027746179056, 0.747742852807264, 0.06909120100019052, 1.052206543394841, 0.6439793301276479, 0.10329344584194983, 1.3822299309861026, 0.5518521988626011, 0.13569131784410365, 1.6739089211178002, 0.47421295063818414, 0.16432498122467568, 1.9080991625912787, 0.4145182068866302, 0.18731506542079387, 2.073842180704548, 0.3741319008608446, 0.20358579436905508, 2.1730835227976733, 0.3510989884232922, 0.21332815936300853, 2.2196834762123654, 0.3408373494397842, 0.21790280280587068, 2.2334918510436372, 0.33796478093952376, 0.21925834904035565], [0.06579366513069648, 1.2335026602663715, 0.11162574824794895, 0.12822095382553497, 1.456520190695144, 0.21754009118369264, 0.1850166123400634, 1.6612218491579789, 0.31389979186802686, 0.2338375158764632, 1.839115951654201, 0.3967294970769708, 0.272851612756443, 1.983055048027226, 0.46292094191888256, 0.3013060772251454, 2.089435036831348, 0.5111968797466977, 0.31980632588872493, 2.1595393241666065, 0.542584462361877, 0.3301423147094989, 2.1992361501391966, 0.5601205349261494, 0.3347468570309828, 2.217160121226081, 0.567932616544554, 0.3360601305214527, 2.2223439946116925, 0.5701607206596949]], "q_target": [[0.7715177769005395, 0.11011937540298822, 0.075738675267364], [0.14095776354378176, 0.9705642893621528, 0.23914940436402365]], "q": [[0.89502160388938, 0.24150237492275572, 0.8020081633304327], [0.6410503055013613, 0.09008493332247047, 0.6497304591200729]], "qdot": [[0.0003293881234515128, 0.5974246511399682, 0.15671948510170963], [0.28525622555014674, 0.21041739113694824, 0.5027820101813608]], "p_now": [[0.5670113365199213, 0.970543017220565, 0.39539693642954876], [0.5114592310409769, 0.08805082964398947, 0.42380798875500814]], "loss": [0.37868191121189576, 0.14338737390784176], "iterations": [], "gradnorm": []}