{"parameter": [[0.13471760703263147, 1.1306902059432733, 0.33542313352445274, 0.2665454312359666, 1.2664826505287368, 0.6636512163561408, 0.3917758406697804, 1.4013410574238305, 0.9754528974434947, 0.5046707549160215, 1.5274881961351647, 1.2565413663492426, 0.5989475017859333, 1.6363711403955215, 1.4912738749658612, 0.6700067413537749, 1.7209646565636576, 1.6681988762831494, 0.7169396666850009, 1.778404740111252, 1.7850536009685116, 0.7430265042798672, 1.8111455271912755, 1.850005235744017, 0.7543353006691097, 1.8256742555119412, 1.8781621485991493, 0.7574056865287253, 1.8297113623615833, 1.885806869054375], [0.2271792801937978, 0.95306915045007, 0.04466442175844446, 0.4464449642530988, 0.9287111582982042, 0.08777299654406799, 0.6548628291381313, 0.9178562176517923, 0.12874884351073923, 0.8446099013194881, 0.9148004498536874, 0.16605393247883737, 1.006404495946338, 0.9159149466363214, 0.19786344436075534, 1.1329560444976507, 0.9188367326169926, 0.2227440220871144, 1.2216034722142017, 0.9220172364727055, 0.2401724869363544, 1.2752321171764376, 0.924532627418504, 0.25071610876174205, 1.3012600117854394, 0.9260121290366928, 0.2558333045786717, 1.3094122037748517, 0.9265493710677496, 0.25743606052085233]], "q_target": [[0.3649876999697135, 0.9334112906285778, 0.90875514135335], [0.3238887652959058, 0.18100302349200703, 0.06367792169980258]], "q": [[0.6887520149151, 0.7919619164910171, 0.3526995522263354], [0.7589505264626054, 0.3772404567468448, 0.2950919833764881]], "qdot": [[0.9556140283413896, 0.44980514956995954, 0.08862904567892982], [0.9777158230719856, 0.9352427220149584, 0.740272084722346]], "p_now": [[0.5987316409839989, 0.17938266039329542, 0.6071713010210266], [0.040353933724203706, 0.6728712794961584, 0.8164322181833982]], "loss": [0.34452922793889273, 0.14168826413096297], "iterations": [], "gradnorm": []}