{"parameter": [[0.3488283459090856, 1.035213072490174, 0.23649989156768222, 0.6939302603600486, 1.0807310112539328, 0.47047332378618606, 1.0273587455116362, 1.1320544456182697, 0.6965323625905585, 1.3342007874927593, 1.1846875778888442, 0.904566229413569, 1.5960902987890602, 1.233708066020711, 1.0821230184493744, 1.797539402950576, 1.2743621738321618, 1.2187022037401887, 1.9327756654605128, 1.3035125080243455, 1.310390169453716, 2.008726158850548, 1.3208572242522771, 1.3618833570398436, 2.041771109795448, 1.3288038967818658, 1.384287291258438, 2.050717472233966, 1.3310642367120382, 1.3903527781130702], [0.2601278294361573, 0.887334145514894, 0.1242988571117862, 0.5190380444835843, 0.8001931612845132, 0.24801589228914075, 0.7737373249275925, 0.7284186183692662, 0.3697207845915405, 1.013765739427969, 0.6681498979066501, 0.4844153855553074, 1.2249838352222788, 0.6190988560235853, 0.585343333039696, 1.3944126557719518, 0.5821140398652829, 0.6663027936317082, 1.5150093364986752, 0.5572826898230286, 0.7239284218403412, 1.5883148576156079, 0.5430804584153005, 0.7589565559487486, 1.6236400815038097, 0.5366698724748513, 0.775836276069579, 1.6345030325567853, 0.5348324831170563, 0.7810270025046278]], "q_target": [[0.9930887426464176, 0.69097130066502, 0.6732978632825215], [0.4484284003921054, 0.11359377212932587, 0.21427594958226148]], "q": [[0.38409996614733, 0.23335695660505684, 0.8569155263080126], [0.8338724812717766, 0.8685543706232814, 0.27180751368613043]], "qdot": [[0.26197272085645373, 0.8414786807093801, 0.8088193619971389], [0.3687532682391177, 0.47906572117972146, 0.3140785735741124]], "p_now": [[0.11417318177038549, 0.3995267584095459, 0.7498351227446975], [0.1843522055819996, 0.31327904821384855, 0.8469022026179134]], "loss": [0.43914843733337444, 0.25283381388408516], "iterations": [], "gradnorm": []}