{"parameter": [[0.2689256509225436, 0.9994990994308075, 0.2295410600758322, 0.5338367538759785, 1.0121821487999585, 0.4556555091408022, 0.7888915452521051, 1.0325498589868296, 0.6733571191919709, 1.0230580780467329, 1.056489671725721, 0.8732295894735149, 1.22322692085324, 1.0805457030680938, 1.0440833857340732, 1.3786360215553561, 1.1017348795332154, 1.17673257556859, 1.4851486970446663, 1.1179032734824488, 1.2676462997130051, 1.5470827944831704, 1.12823711921076, 1.3205100497201352, 1.5754176933813537, 1.1333846017859919, 1.3446952574454625, 1.5836201604845912, 1.1349972517829965, 1.3516964601483483], [0.01962218395449945, 0.9745483852756472, 0.25269281355783146, 0.03863051664899662, 0.96756676301039, 0.4974805028769093, 0.05668872766138329, 0.9713838787672786, 0.7300326061046771, 0.07308842822998175, 0.9808125120700755, 0.941226553108464, 0.08702050593865852, 0.9922488200271401, 1.1206426631131103, 0.09786294495462321, 1.0031769580533143, 1.2602706692069514, 0.105406061298048, 1.0119812628304656, 1.3574102789585458, 0.10992798375362145, 1.017919424360876, 1.415643211166236, 0.11209713731918808, 1.0210680926167226, 1.4435773860161434, 0.11276682743631325, 1.0221290299135248, 1.4522015983005985]], "q_target": [[0.6193267819281352, 0.46145711384651356, 0.5286253861223648], [0.031165190719688818, 0.2527276786581405, 0.4013426714521635]], "q": [[0.6554472861173174, 0.3983221988043748, 0.5651681783946823], [0.49522987132817575, 0.7228610778250847, 0.8899892032117303]], "qdot": [[0.23889985073347708, 0.09020416066387005, 0.939102387508238], [0.07213015023381397, 0.06131633468305586, 0.936971823436466]], "p_now": [[0.5951910808309785, 0.9286155517397785, 0.7979531911648279], [0.17709610955641886, 0.26387408999179907, 0.10013399893437758]], "loss": [0.30758360865029166, 0.16052759313521928], "iterations": [], "gradnorm": []}