{"parameter": [[0.3163929057379824, 0.8479490438743092, 0.33190985873767753, 0.6340945428499116, 0.7091638411118791, 0.6651926333580266, 0.948383079771127, 0.5803689131242956, 0.9948949180823868, 1.2465297358092018, 0.4639890228294708, 1.307663670775784, 1.5098910767058935, 0.3656690189597087, 1.5839411215931414, 1.719587456257633, 0.29086262059738244, 1.8039217041301565, 1.8647001048038663, 0.24147511353615272, 1.9561511562023761, 1.948057098012473, 0.21442856997771437, 2.043596251648285, 1.984796114023518, 0.20306914172837612, 2.0821370703368225, 1.9947773059785756, 0.20013620672070437, 2.0926077729087074], [0.1082004855803882, 0.8561616822715319, 0.27819625905280226, 0.21673910308305072, 0.7381741585150919, 0.5572618953116169, 0.3245152434566948, 0.6353369189495388, 0.8343671125966308, 0.4271081236800479, 0.5448014216181891, 1.0981455543521845, 0.5182796010439114, 0.4682661018267013, 1.3325582170948116, 0.5920459680195402, 0.4087251535178921, 1.5222202803143852, 0.6448867212050953, 0.367660526416933, 1.6580801129473206, 0.6771123408245864, 0.3436067479325106, 1.7409359964095106, 0.6926394259659557, 0.3325120515917383, 1.780857970670098, 0.6973977353886462, 0.3292675481579003, 1.7930921475659558]], "q_target": [[0.9498374375279046, 0.1261110307326453, 0.9964206023466408], [0.1943951303594651, 0.05907476793515587, 0.4998128959773104]], "q": [[0.03411337820036864, 0.3206887008906508, 0.8025019230759061], [0.2639218332374793, 0.20932605911480706, 0.38843928213513124]], "qdot": [[0.8574046775471276, 0.47499354673390737, 0.9976039161931958], [0.3130305190503778, 0.7270663344144925, 0.606538347672323]], "p_now": [[0.16925870559822587, 0.7984777899905711, 0.0010526725049859742], [0.29696409887927255, 0.9522318241760239, 0.6140238543745867]], "loss": [0.6151330547592961, 0.29468498715061275], "iterations": [], "gradnorm": []}